<?xml version="1.0" encoding="UTF-8"?>
<beans  
    xmlns="http://www.springframework.org/schema/beans"  
    xmlns:xsi="http://www.w3.org/2001/XMLSchema-instance"  
    xmlns:p="http://www.springframework.org/schema/p"  
    xsi:schemaLocation="http://www.springframework.org/schema/beans  
               http://www.springframework.org/schema/beans/spring-beans-3.0.xsd">  
      
              
    <bean id="dev" class="com.org.tcs.bean.DevClass">
    </bean>
    <bean id="opp" class="com.org.tcs.bean.OppClass">
    </bean>
    <bean id="prod" class="com.org.tcs.bean.ProdClass">
    </bean>
    
	<bean id="manager" class="com.org.tcs.bean.Manager">
	<constructor-arg name="dev" ref="dev" ></constructor-arg>
	<constructor-arg name="opp" ref="opp" ></constructor-arg>
	<constructor-arg name="prod" ref="prod" ></constructor-arg>
	
	</bean>
	
</beans>